Well_ID,X,Y,Depth,Porosity,Perm,AI,Density,Comp_vel,E,Vs,G,layer,lith_id,Log_perm,mindist,avg_inv_dist,avg_sq_inv_dist,avg_sqrt_inv_dist,log_mindist,Top_depth,interval,distance to woc,distance to fault,fault indicator,Avg_perm,thickness,bottom to woc,sand prp.,sandshaly prp.,k/log_mindist,area_poly,woc rise 0,woc rise 1,woc rise 2,woc rise 3,bottom to woc 1,bottom to woc 2,bottom to woc 3
Well_no_1,7325.0,7175.0,3057.550000000001,0.13606284554963746,163.83850839080824,7218588.487037038,2.1497670373519524,3375.797049656223,25.810920535513617,1658.7668203113928,6.193391370100324,9.5,2.6,4.98407287297677,206.1552812808831,0.00966803945341996,3.164358097979253e-05,0.18917102551076415,5.328629677456253,3052.830823511949,0.47345882440251896,9.849999999999909,1944.5436482630055,0.0,163.83850839080827,9.5,5.099999999999909,0.75,0.8499999999999999,30.74683704967473,308.0239929562062,0,1.3125514304528547,1.9979382102005356,2.4589523965352584,3.7874485695470543,3.1020617897993734,2.6410476034646506
Well_no_2,4225.0,3525.0,3052.5400000000004,0.12908068374319007,130.48944094069714,7313974.999288397,2.1312321079733327,3539.327750336039,25.635220470579934,1673.706307402555,6.42548675638083,9.5,2.2,4.683513390456811,180.2775637731994,0.008752858968747997,3.4212519284226456e-05,0.172486410564403,5.194497684158916,3047.2324361413844,0.5028781929308025,14.860000000000127,-2828.4271247461893,1.0,130.48944094069708,9.5,10.110000000000127,0.4000000000000001,0.8000000000000002,25.120704421264126,579.7399043937698,0,1.6813271899753213,2.537806544191471,3.089466324553846,8.428672810024807,7.572193455808657,7.0205336754462815
Well_no_3,7725.0,8275.0,3060.669999999999,0.12124152872199243,72.51281358950246,7366259.584292913,1.900740988404333,3865.620499814203,28.351062090955413,1675.781360045045,5.666130852190723,9.5,1.95,4.091273967138514,430.1162633521315,0.005734446778118477,9.325892220821228e-06,0.14920057291869548,6.064055552030229,3056.250379151009,0.4584810424496027,6.730000000000018,3005.203820042828,0.0,72.51281358950246,9.5,1.9800000000000182,0.45,0.75,11.95780826335362,508.76678058420123,0,0.8065942372488717,1.2595113653858079,1.5827665967807254,1.1734057627511465,0.7204886346142103,0.3972334032192928
Well_no_4,4425.0,6475.0,3051.61,0.14110350074393474,152.86974839949102,7275353.036059524,1.9774358335266136,3702.5602266171227,27.348244040949943,1656.2456233245443,5.406377735803867,9.5,2.55,4.8524955677790125,585.234995535981,0.005218834975619522,7.089276415301213e-06,0.14375060753663946,6.372013468342207,3047.302870845618,0.45285645771912186,15.789999999999964,-601.0407640085652,1.0,152.86974839949104,9.5,11.039999999999964,0.6500000000000001,0.9,23.990807483221268,615.7695759840161,0,1.0279949798449806,1.5779781473191767,1.9523059592968672,10.012005020154984,9.462021852680786,9.087694040703097
Well_no_5,2125.0,1225.0,3060.449999999999,0.12950617081384258,81.17099130336717,7341486.001119675,1.934641699536457,3770.3555233468987,28.129155616622135,1706.423606757907,5.260269284313292,9.5,2.05,4.096069385910947,430.1162633521315,0.005303050535500949,8.419007242536654e-06,0.14249680912998858,6.064055552030229,3056.4969814301217,0.4351509284939084,6.950000000000273,-5939.696961966999,1.0,81.17099130336716,9.5,2.200000000000273,0.25,0.9,13.385594938389264,808.1067018361557,0,0.7492615773457405,1.1830864864927324,1.4973653516141991,1.4507384226545323,1.0169135135075404,0.7026346483860737
Well_no_6,2675.0,4525.0,3053.4599999999996,0.12211979156412525,98.09502598861008,7389545.033039248,1.9287722308087134,3838.087206007028,28.15240052669367,1686.032908712324,5.3481883917896145,9.5,1.8,4.401527948390451,353.55339059327366,0.006141462317225551,1.1666131422228977e-05,0.1528527160268425,5.868034508142217,3049.8895750269958,0.41602124865016776,13.940000000000055,-3217.335854398792,1.0,98.0950259886101,9.5,9.190000000000055,0.29999999999999993,0.6999999999999997,16.716845453532663,643.4764787906482,0,1.0107530720830997,1.56465969004621,1.9461362697375126,8.179246927916955,7.625340309953844,7.243863730262542
Well_no_7,6725.0,8025.0,3058.400000000001,0.13527350401848723,144.96215040634002,7292950.010474242,2.1826192130371185,3433.3440137305524,25.00221337829933,1662.6246279678205,6.169197275068995,9.5,2.4,4.697106631947461,583.09518948453,0.005387196361235928,7.724984470940042e-06,0.14558074333609822,6.36835044829617,3053.467034254599,0.48414828727011355,9.0,2121.3203435596433,0.0,144.96215040633996,9.5,4.25,0.55,0.8499999999999999,22.762904080620146,621.5216887619198,0,0.9230606602325412,1.426841627624315,1.778277492695667,3.326939339767459,2.8231583723756852,2.471722507304333
Well_no_8,3975.0,8675.0,3058.080000000001,0.12827534108873814,104.03756333388358,7347948.274666727,2.1966438286820833,3576.5354545924965,25.425090024769975,1669.9654000539035,6.097767234677095,9.5,2.35,4.37887884757301,430.1162633521315,0.0058294871057334155,9.53032056881358e-06,0.150655724247848,6.064055552030229,3050.379681582767,0.6225159208616106,9.320000000000164,636.3961030678928,0.0,104.03756333388358,9.5,4.570000000000164,0.55,0.8000000000000002,17.15643309023647,557.4780725586116,0,0.4032796320149057,0.6559331396287811,0.8524581690649131,4.166720367985258,3.9140668603713826,3.7175418309352506
Well_no_9,5625.0,5475.0,3050.800000000001,0.13112067364309518,92.27122174833097,7291380.880364591,2.1123495355733612,3532.53662212246,25.46348282734617,1701.5992427749454,6.262153170728022,9.5,2.4,4.4572583486697575,380.78865529319523,0.006551604354656957,1.2317366203775938e-05,0.15902383085009755,5.942244510701356,3046.0029625430343,0.4773518728482259,16.59999999999991,-459.6194077712559,1.0,92.27122174833102,9.5,11.849999999999909,0.5999999999999999,0.8000000000000002,15.528008243713339,510.795935496673,0,1.744836104092301,2.624326617792444,3.187267617143527,10.105163895907609,9.225673382207464,8.662732382856383
Well_no_10,3725.0,1575.0,3057.82,0.11358490721811801,87.69159566374279,7486613.87783283,1.8221025375063777,4038.011072592189,30.8730695345027,1658.054564277547,5.574956149514361,9.5,1.75,4.403703905811213,559.0169943749477,0.005255747616394413,7.297144267160634e-06,0.1439888763778976,6.3261798740792985,3053.0818065413036,0.4744096729348257,9.579999999999927,-4560.838738653231,1.0,87.69159566374282,9.5,4.829999999999927,0.14999999999999997,0.8000000000000002,13.861698119436621,2000.0,0,1.0541369617227836,1.6271398056826543,2.022015186861699,3.7758630382771434,3.2028601943172728,2.807984813138228
Well_no_11,4275.0,5675.0,3050.4700000000007,0.13017354437429396,115.77640581958417,7278447.953267835,2.134073496097435,3528.618468130828,26.109482026196382,1681.9601010499998,6.20226304065085,9.5,2.3,4.605973648838527,813.9410298049856,0.004232653107643592,4.530544636541676e-06,0.12993300367984667,6.701887918421261,3046.5624697748294,0.4328765112584733,16.93000000000029,-1272.7922061357856,1.0,115.77640581958417,9.5,12.180000000000291,0.45,0.8499999999999999,17.27519278580494,902.1116770613194,0,1.2515678219828958,1.9067556116655346,2.3426789897161004,10.928432178017395,10.273244388334756,9.83732101028419
Well_no_12,1625.0,3775.0,3057.599999999999,0.12697395971306735,93.90321466731234,7321879.4734,1.9002001873753749,3852.5793478968712,29.157690528908688,1649.622772540717,5.284560560954738,9.5,2.15,4.446034660802061,500.0,0.004608504235300905,6.286226685796271e-06,0.13309548025266563,6.2146080984221905,3052.924631010597,0.47126844947010793,9.800000000000182,-4490.128060534576,1.0,93.90321466731234,9.5,5.050000000000182,0.45,0.8499999999999999,15.110078251137532,2000.0,0,0.8370009942017429,1.3203300739904926,1.6662210389016425,4.212999005798439,3.7296699260096893,3.3837789610985394
Well_no_13,5175.0,8875.0,3058.7900000000004,0.13100411999457923,97.04639315183287,7316657.937410638,2.130518356627917,3681.6722776772235,26.31339132438244,1673.1195596112939,5.973909880187189,9.5,2.45,4.4973883601129465,353.55339059327366,0.007748374576846001,1.6788336343080868e-05,0.1733996290769012,5.868034508142217,3052.013594198346,0.5763202900827537,8.610000000000127,1626.3455967290586,0.0,97.0463931518329,9.5,3.8600000000001273,0.6500000000000001,0.8000000000000002,16.538142885352105,465.1617274223119,0,0.4934322487301534,0.789815093612599,1.0134732596786475,3.366567751269974,3.0701849063875284,2.8465267403214796
Well_no_14,3075.0,8225.0,3057.550000000001,0.1273032331736538,60.35297709149866,7321686.294457791,1.9135977133778745,3838.766934087222,28.879984122364153,1694.2508010283534,5.255639625987241,9.5,2.15,3.9775906267082397,585.234995535981,0.00541274488549286,7.592286189973066e-06,0.14647602332703005,6.372013468342207,3050.493778009155,0.5903110995423049,9.849999999999909,-318.1980515339464,1.0,60.35297709149866,9.5,5.099999999999909,0.5,0.8000000000000002,9.471570860819376,611.2439623123854,0,0.371075116485124,0.6085479446036949,0.7957983037495503,4.728924883514785,4.4914520553962145,4.304201696250359
Well_no_15,1925.0,5875.0,3055.809999999999,0.11103841303189088,43.710441361605696,7449720.244546279,1.788904816203448,4328.386619719934,31.375208127331955,1639.7469815125764,5.180365478565799,9.5,1.7,3.710297256095123,390.5124837953327,0.005768768339290758,1.0152945471136992e-05,0.14814502094036777,5.9674599375148025,3051.965564426415,0.42972177867918615,11.590000000000146,-2793.071785686863,1.0,43.71044136160571,9.5,6.8400000000001455,0.05000000000000001,0.8000000000000002,7.324798460198676,2000.0,0,0.5498379236241947,0.879238138368658,1.1247995864768197,6.2901620763759505,5.960761861631488,5.715200413523326
Well_no_16,4775.0,9475.0,3059.739999999999,0.12404744171441846,90.81793524094067,7350065.589934503,2.198434985846784,3418.90865258918,25.96403146736652,1675.2647906762402,6.283545014370754,9.5,2.15,4.375484482757967,430.1162633521315,0.005750206094137375,9.407069643977375e-06,0.1493050685103188,6.064055552030229,3052.25808068316,0.6115959658420251,7.660000000000309,1767.7669529663685,0.0,90.81793524094066,9.5,2.9100000000003092,0.4000000000000001,0.75,14.976435235745006,1657.7348288554847,0,0.3461924144776869,0.570259763249201,0.7487628816508776,2.563807585522622,2.3397402367511084,2.1612371183494314
Well_no_17,5725.0,6275.0,3052.0,0.13607681878989902,99.3231094721762,7282111.02937593,2.21091639555,3484.1551262994863,24.87652014372155,1656.9648751013415,6.2165535522167445,9.5,2.35,4.404843993992291,500.0,0.005960606763949896,9.242797489298003e-06,0.1536887534875896,6.2146080984221905,3047.1925780524602,0.47787109737703304,15.400000000000091,176.77669529663683,1.0,99.32310947217617,9.5,10.650000000000091,0.55,0.8000000000000002,15.982199987380227,532.5527760049998,0,1.4972333213182136,2.262022376579869,2.7605755100992613,9.152766678681877,8.387977623420221,7.889424489900829
Well_no_18,2625.0,2375.0,3057.309999999999,0.11147063261128562,59.72829859280163,7446715.236863065,1.8350834391289372,4140.71785600584,30.37991009024474,1658.220076382133,4.945063593894941,9.5,1.7,3.8754367226278896,565.6854249492383,0.004582177053091081,5.772835757311731e-06,0.13389930024294608,6.338038137387954,3052.4949477717623,0.47825261141181274,10.090000000000146,-4772.970773009195,1.0,59.728298592801615,9.5,5.3400000000001455,0.29999999999999993,0.6999999999999997,9.423783400807519,907.9676199635937,0,1.0861411328166206,1.68086287523811,2.088005365094285,4.253858867183525,3.6591371247620357,3.2519946349058606
Well_no_19,3475.0,6925.0,3053.410000000001,0.1309548846871848,103.3845274566731,7324292.624927524,1.9143139303500003,3908.397350286624,28.936451391522844,1684.3038360314124,5.332792570887572,9.5,2.15,4.381442689866181,471.6990566028301,0.006778923479400139,1.2245933228254547e-05,0.16323419817336535,6.1563411902942144,3049.074726933243,0.4542636533378072,13.990000000000236,-954.594154601839,1.0,103.38452745667311,9.5,9.240000000000236,0.45,0.8499999999999999,16.793177028535073,389.30822651067376,0,0.6670402743959708,1.0483945641477346,1.3236682128523165,8.572959725604266,8.191605435852502,7.91633178714792
Well_no_20,1175.0,2175.0,3061.330000000001,0.11819198526152004,92.0821266308757,7368822.289704357,1.915604791374821,3905.168968834621,29.408544954585675,1694.7934908075142,5.44568874155,9.5,1.85,4.468598916813458,430.1162633521315,0.00547834582805523,9.144721644721645e-06,0.144038347366378,6.064055552030229,3055.6913552861456,0.5194322356926705,6.070000000000164,-5939.696961966999,1.0,92.08212663087573,9.5,1.3200000000001637,0.34999999999999987,0.75,15.18490815936652,2000.0,0,0.6981537487412911,1.1133532066984326,1.416997891435458,0.6218462512588726,0.20664679330173108,-0.09699789143529425
Well_no_21,7525.0,7125.0,3057.93,0.13640284395146976,145.8583123618282,7219318.844854794,2.1759891505,3442.9121484954194,25.365430890086753,1696.3092394851349,6.02597262275,9.5,2.5,4.798278880942588,206.1552812808831,0.009378676172507438,3.048203017501447e-05,0.18593050946857084,5.328629677456253,3053.230768979729,0.4724615510136118,9.470000000000255,2050.6096654409876,0.0,145.8583123618282,9.5,4.720000000000255,0.5999999999999999,0.9,27.372574412312524,443.65445558539034,0,1.3127065194177032,1.9987193995385086,2.460563971447745,3.4072934805825517,2.7212806004617462,2.2594360285525097
Well_no_22,3425.0,5125.0,3051.309999999999,0.14251617296135394,169.01561273036657,7180622.221449999,2.114373944576717,3458.3885864919735,25.573055230273486,1668.0740488182805,5.777483935598115,9.5,2.5,4.998755569715618,514.78150704935,0.005684223629673658,8.493095575646848e-06,0.14987254055628435,6.243742552484179,3047.927414625666,0.4066292687166424,16.090000000000146,-2262.7416997969513,1.0,169.01561273036663,9.5,11.340000000000146,0.6500000000000001,0.8499999999999999,27.06959989295536,602.980305267565,0,1.1251913667393427,1.7272827591427893,2.134750706005847,10.214808633260803,9.612717240857357,9.2052492939943
Well_no_23,7475.0,8625.0,3060.660000000001,0.13290002173814328,86.2027635704197,7336265.943149999,1.9900882285055275,3802.1151641856486,28.828985262540886,1649.7614507211024,5.765930586199353,9.5,2.35,4.253593664037093,430.1162633521315,0.005151543361290615,8.091778945023667e-06,0.14020165940501367,6.064055552030229,3056.5836896892356,0.44131551553823556,6.7400000000002365,3075.9144981614813,0.0,86.20276357041968,9.5,1.9900000000002365,0.6500000000000001,0.8499999999999999,14.2153650854269,2000.0,0,0.6867811025962849,1.0801838727961088,1.36595455865555,1.3032188974039516,0.9098161272041276,0.6240454413446865
Well_no_24,4525.0,7625.0,3054.900000000001,0.12682840536473178,94.59088669333882,7324014.726315066,2.2464633684250375,3316.482982664558,24.14876085496878,1695.5755207520965,6.357926553747502,9.5,2.25,4.183333913720277,335.4101966249684,0.0059664039872741985,1.1875886088102281e-05,0.14916423383986024,5.815354250313306,3049.0575261211925,0.5296236939403798,12.5,282.8427124746189,1.0,94.59088669333886,9.5,7.75,0.5,0.75,16.265713595735406,685.1685838935077,0,0.7077629064958759,1.1069220055453828,1.392517818540773,7.042237093504124,6.643077994454617,6.357482181459227
Well_no_25,3025.0,1375.0,3058.7900000000004,0.11718638949794562,87.38631995596793,7427131.6793719055,1.8802450771988723,4077.8480662546294,30.7455290134525,1675.5951767000001,5.3415589534500265,9.5,1.7,4.39590176667832,694.6221994724906,0.004837707080571921,6.02260147965226e-06,0.13858136657098113,6.543368099880593,3054.6187431938956,0.4460628403052397,8.610000000000127,-5197.234841721122,1.0,87.38631995596796,9.5,3.8600000000001273,0.10000000000000002,0.8000000000000002,13.354944826894672,745.8121341472631,0,0.9169631005651695,1.4302609481184376,1.7896689451755594,2.943036899434958,2.4297390518816897,2.070331054824568
Well_no_26,6625.0,5725.0,3052.64,0.1419732748566699,172.68243216900674,7280404.897049999,2.0843163575838037,3632.059085998976,27.047456258967372,1670.5053157862308,5.819691612986195,9.5,2.65,5.071985723399823,873.2124598286488,0.00402456875771745,4.075315813787045e-06,0.12678118676376932,6.77217889373185,3048.082886232367,0.46535568838169183,14.760000000000218,424.2640687119284,1.0,172.6824321690068,9.5,10.010000000000218,0.8000000000000002,0.8499999999999999,25.49879955605382,2000.0,0,1.762375810235029,2.644191758051798,3.21136716455359,8.247624189765189,7.36580824194842,6.798632835446629
Well_no_27,2425.0,4775.0,3054.0,0.1084595,53.810024011935255,7463520.691499999,1.8139627795171755,4054.1014944949757,31.352647674577792,1688.0318303979475,4.9529449475,9.5,1.5,3.9656904679307816,353.55339059327366,0.006193975687323896,1.1823790103630091e-05,0.15349776760307782,5.868034508142217,3050.498403169899,0.4125798415049985,13.400000000000091,-3217.335854398792,1.0,53.810024011935276,9.5,8.650000000000091,0.0,0.75,9.170025148500903,784.8478214294612,0,0.8771378436571002,1.3672624295845306,1.7109081488903028,7.772862156342991,7.28273757041556,6.939091851109788
Well_no_28,3875.0,6675.0,3052.339999999999,0.13805981112550877,130.54752613609517,7246823.56745099,2.1396885085965733,3449.035462538091,25.279138947,1673.4055087906222,5.641128620680883,9.5,2.5,4.698654874150536,471.6990566028301,0.006160267174710053,1.0135773719264375e-05,0.15565567430978403,6.1563411902942144,3048.191627290625,0.4449186354687072,15.059999999999945,-848.5281374238568,1.0,130.5475261360952,9.5,10.309999999999945,0.5999999999999999,0.9,21.205375417124383,560.7326870723367,0,0.819032586468428,1.2720137494187105,1.5897481998367167,9.490967413531518,9.037986250581234,8.72025180016323
Well_no_29,1425.0,1825.0,3061.150000000001,0.12079108902490114,109.09682907111451,7350144.894877324,1.8518466383718653,4200.002281281903,29.679181417999995,1646.4563834693176,5.409041073745952,9.5,2.0,4.614176948211326,430.1162633521315,0.005548638312865783,8.870280321994031e-06,0.14655634951879573,6.064055552030229,3056.0121786460095,0.49439106769946195,6.25,-6010.407640085656,1.0,109.09682907111453,9.5,1.5,0.4000000000000001,0.8000000000000002,17.990737079344395,1393.7176277669678,0,0.6909812067532467,1.0989925689208586,1.397309097441057,0.8090187932467533,0.4010074310791414,0.10269090255894309
Well_no_30,5075.0,6875.0,3052.7900000000004,0.14084828852939985,132.45815539042596,7167621.029198237,2.204966715713199,3262.1761319617362,23.855846757638613,1668.815302883222,6.082867964297664,9.5,2.45,4.69172897731633,763.2168761236876,0.004586492518334597,5.2968946383098306e-06,0.13532969579855098,6.6375422322109925,3047.791685781537,0.48741571092309643,14.610000000000127,141.42135623730945,1.0,132.45815539042593,9.5,9.860000000000127,0.6500000000000001,0.8000000000000002,19.95590397114558,737.7274317802489,0,1.0778619345999807,1.6501905935423715,2.037619777529653,8.782138065400147,8.209809406457756,7.822380222470475
Well_no_31,3175.0,3825.0,3053.190000000001,0.12452403563292871,110.4153556944207,7350338.218689762,1.894071985486514,3921.203603086718,29.894746066499998,1716.1737446305349,5.396904821364883,9.5,1.9,4.515062564242875,559.0169943749477,0.005550043791101701,7.928381844369308e-06,0.14848213163255683,6.3261798740792985,3048.9152332078866,0.4512383396057203,14.210000000000036,-3358.7572106361017,1.0,110.4153556944207,9.5,9.460000000000036,0.45,0.6999999999999997,17.45371739220273,598.0967888795361,0,1.3098647643114496,2.003753123904574,2.466656291086063,8.150135235688587,7.456246876095463,6.993343708913973
Well_no_32,2125.0,7825.0,3058.0400000000004,0.1146367174422526,76.55462287180292,7427695.47479568,2.0352917891533426,3688.4538802500006,27.370078930465024,1694.6641684350066,6.045313552702426,9.5,1.75,3.962288494524377,1006.2305898749051,0.003772536606591209,3.5729949598794167e-06,0.12277483241948017,6.9139665389814144,3051.9564147076317,0.5416792646183695,9.360000000000127,-1272.7922061357856,1.0,76.5546228718029,9.5,4.610000000000127,0.29999999999999993,0.6999999999999997,11.072460712701279,2000.0,0,0.3165611611621784,0.5277004016087565,0.6986033471917241,4.2934388388379485,4.082299598391371,3.911396652808403
Well_no_33,2975.0,5925.0,3052.620000000001,0.12669021956620602,104.62313701221842,7379184.97315,1.9103142365318155,3985.6652378282997,29.44767106314804,1694.8606214317217,5.393234251273357,9.5,2.0,4.2873757074957926,427.2001872658765,0.006393670852137852,1.1283656208775564e-05,0.15787006138002055,6.057252726002344,3049.3810549193317,0.399447254033339,14.7800000000002,-2015.2543263816601,1.0,104.62313701221842,9.5,10.0300000000002,0.4000000000000001,0.8000000000000002,17.2723744154006,490.40953280344604,0,0.7771970915072823,1.2137928867339915,1.5231182901978262,9.252802908492917,8.81620711326621,8.506881709802373
Well_no_34,4975.0,4175.0,3051.129999999999,0.1215068673705441,129.80382050704378,7422289.062307654,2.1955948474455265,3510.791363208356,25.453503153523325,1676.5185768641998,6.070314267204263,9.5,2.0,4.579302074567923,353.55339059327366,0.006419173725091041,1.2359524773981192e-05,0.1567811928721133,5.868034508142217,3045.6968203665238,0.5091589816738178,16.269999999999982,-1838.4776310850236,1.0,129.8038205070438,9.5,11.519999999999982,0.20000000000000004,0.8000000000000002,22.120493723568583,2000.0,0,1.7975150450407766,2.7026494332754782,3.28045205859957,9.722484954959205,8.817350566724503,8.239547941400412
Well_no_35,2225.0,2775.0,3057.309999999999,0.11959172265287435,85.64189015878951,7405884.71655,1.9131873174994296,3928.9433003027602,29.755571680189654,1678.8896596619209,5.666142107279168,9.5,2.0,4.28114167720257,565.6854249492383,0.0055582614388049855,7.993134920201767e-06,0.14847012299508652,6.338038137387954,3052.635863409416,0.47120682952916015,10.090000000000146,-4772.970773009195,1.0,85.64189015878948,9.5,5.3400000000001455,0.5,0.75,13.512365861857123,579.6933210429941,0,0.9916586103813008,1.5432826615251882,1.927066570494129,4.348341389618845,3.7967173384749575,3.4129334295060163
Well_no_36,5875.0,7375.0,3055.199999999999,0.14807587834797165,201.51073210314175,7155359.30917044,2.1618524943609136,3407.39898705,24.24661446421007,1675.3523258746277,6.098509571577723,9.5,2.55,5.081478701658675,427.2001872658765,0.005919308574750161,9.779639772435927e-06,0.15189675426602095,6.057252726002344,3049.845392383797,0.505230380810076,12.200000000000273,1060.6601717798217,0.0,201.5107321031418,9.5,7.450000000000273,0.75,0.8000000000000002,33.267677810124084,627.1148979118765,0,1.078625978568743,1.6521518196937648,2.04209940437686,6.37137402143153,5.797848180306508,5.407900595623413
Well_no_37,3625.0,8425.0,3057.61,0.13245480862660478,70.15207331726329,7348817.316084157,2.1734262795049184,3360.9210890104323,25.534012349800335,1651.4443946977462,6.3343076408,9.5,2.35,3.9960948895341986,430.1162633521315,0.006207561073585067,1.0689027141292395e-05,0.15548859929530096,6.064055552030229,3050.2073370206713,0.6076331489664426,9.789999999999964,212.1320343559642,1.0,70.1520733172633,9.5,5.039999999999964,0.5,0.8499999999999999,11.568507695114455,516.2399455354661,0,0.4044230221792846,0.6578963159452755,0.8549978398766255,4.635576977820679,4.382103684054688,4.1850021601233385
Well_no_38,3975.0,2075.0,3056.43,0.113711,79.60616855026686,7471404.596207874,1.8769648944227533,4062.651401447397,30.431838175395647,1687.6458848000002,5.146888932676817,9.5,1.85,4.072966523973581,559.0169943749477,0.0052502647786126545,7.734427465697107e-06,0.14261111349327352,6.3261798740792985,3051.0750632622535,0.5052468368872496,10.970000000000255,-4030.5086527633202,1.0,79.60616855026684,9.5,6.220000000000255,0.25,0.8000000000000002,12.583608138687742,2000.0,0,1.1726003286679083,1.7976087945102472,2.2200615333074216,5.047399671332347,4.422391205490007,3.999938466692833
Well_no_39,4625.0,4825.0,3050.370000000001,0.12870996075954308,145.7150725373232,7294302.340450001,2.186132977589973,3454.213052106033,25.834538257927285,1695.8997997461142,5.967246811878015,9.5,2.1,4.877464607427602,721.1102550927976,0.005202783639447998,6.828163713890935e-06,0.14408845202597492,6.580792045278803,3045.7820099371015,0.4668995031449185,17.0300000000002,-1626.3455967290586,1.0,145.7150725373232,9.5,12.2800000000002,0.4000000000000001,0.6999999999999997,22.142482475473784,703.4054868287146,0,1.6523931966068457,2.491206455781829,3.0311657482942005,10.627606803393354,9.788793544218372,9.248834251706
Well_no_40,1925.0,3375.0,3057.129999999999,0.12738456996246236,119.71412837715374,7360022.603849998,1.9949025530426703,3717.5593151500007,27.588184091165044,1694.4509006313206,5.946368313350964,9.5,2.15,4.579468634601886,500.0,0.005718054557545607,8.72916241890034e-06,0.14998539377758463,6.2146080984221905,3052.509510262995,0.4685244868501968,10.269999999999982,-4560.838738653231,1.0,119.71412837715373,9.5,5.519999999999982,0.4000000000000001,0.8499999999999999,19.263343155547904,581.0118530162349,0,0.9108561209965955,1.4260803161360671,1.789076596274442,4.609143879003386,4.0939196838639145,3.73092340372554
Well_no_41,6225.0,8325.0,3058.300000000001,0.1280779252810792,133.89921898273093,7395917.565956568,2.272567325047945,3313.7032846344823,24.900561890177745,1686.3854305910434,6.374683236927636,9.5,2.3,4.005336726805443,583.09518948453,0.004923748284775639,6.521711534094083e-06,0.1390133422596973,6.36835044829617,3053.0369631179224,0.5006518441038225,9.099999999999909,1979.8989873223331,0.0,133.8992189827309,9.5,4.349999999999909,0.55,0.75,21.02573030015255,1207.910656655103,0,0.7677189547674154,1.19668471605448,1.501885253916035,3.582281045232494,3.153315283945429,2.848114746083874
Well_no_42,3325.0,7375.0,3054.830000000001,0.1288845,79.68443663942772,7303233.714359467,1.9519388795166388,3846.2637111156364,27.583153066222412,1684.5589292530938,5.395041885266795,9.5,2.2,4.28145642833133,474.3416490252568,0.005503486216298643,8.287348990243422e-06,0.14683950979430394,6.161927840593279,3049.6842524324334,0.49478737837825976,12.570000000000164,-742.4621202458749,1.0,79.68443663942773,9.5,7.820000000000164,0.5,0.8499999999999999,12.931738037321058,694.9895129449964,0,0.5457752196349129,0.8687807037081101,1.1088024816784716,7.274224780365251,6.951219296292054,6.711197518321692
Well_no_43,3775.0,9425.0,3059.7300000000014,0.1421326362166827,148.6335640947845,7158336.260129148,2.137717502641904,3590.053072156263,25.062919840603463,1654.9784768954062,5.872862455425694,9.5,2.5,4.850353759302621,403.11288741492734,0.005756696636331975,9.789098535628969e-06,0.1487500552558707,5.9992166403759635,3050.755321758572,0.6862339120714751,7.670000000000073,1025.3048327204938,0.0,148.63356409478453,9.5,2.9200000000000728,0.6999999999999997,0.8000000000000002,24.77549536958708,625.7730966968238,0,0.28029504624744744,0.4716237066921981,0.6293405993383496,2.6397049537526254,2.4483762933078745,2.290659400661723
Well_no_44,5325.0,5975.0,3050.9599999999996,0.14399897780667034,183.1008203461644,7221881.172315245,2.0806381642195264,3748.4140983941243,26.82074476087562,1721.9519908960217,5.964050952256289,9.5,2.65,5.004019218726969,500.0,0.005825311796389539,9.168389356826908e-06,0.1510985588504728,6.2146080984221905,3046.4071276165037,0.4651436191748644,16.440000000000055,-318.1980515339464,1.0,183.10082034616437,9.5,11.690000000000055,0.75,0.9,29.462971348531426,582.2481084844023,0,1.5270992129603693,2.3058443876411734,2.8112742879255035,10.162900787039685,9.384155612358882,8.878725712074552
Well_no_45,3475.0,3125.0,3054.2300000000014,0.12781406472714066,72.84350855378756,7369082.463864091,1.9307320121694675,3930.2557672341654,28.287953912583287,1665.8593038953084,5.169359628565635,9.5,2.0,4.181442072098784,585.234995535981,0.00583671407330412,8.712492763603526e-06,0.15235049904848955,6.372013468342207,3049.1993296727965,0.48903351636013215,13.170000000000073,-3641.5999231107185,1.0,72.84350855378759,9.5,8.420000000000073,0.25,0.8499999999999999,11.431788227644638,535.8721442493387,0,1.4012825545188186,2.133329606808729,2.6162331270638983,7.018717445481254,6.2866703931913435,5.803766872936174
Well_no_46,2375.0,8825.0,3059.839999999999,0.11755384400956818,67.01229720831674,7395368.775449999,1.9783365443949463,3955.4359191258545,28.202709350293315,1704.3277170000001,5.642479159559019,9.5,1.9,4.11204188338493,400.0,0.00531673410699807,8.948198582771286e-06,0.14168441865341724,5.991464547107982,3051.261590535372,0.6664204732314829,7.559999999999945,-388.9087296526012,1.0,67.01229720831677,9.5,2.8099999999999454,0.25,0.8000000000000002,11.184627177784588,700.1645394736827,0,0.23897564356695153,0.40999306185764517,0.55482276783426,2.5710243564329938,2.4000069381423,2.2551772321656856
Well_no_47,2575.0,6925.0,3055.169999999999,0.12488806025304129,66.45193985799408,7303900.211046194,2.087121662798251,3526.5248247419468,26.601755081041027,1705.2977641970356,6.1172771645,9.5,2.0,3.8633650042776075,531.5072906367325,0.005364466982496265,7.591014414831936e-06,0.14557324697152046,6.275716914784314,3050.8216316753187,0.4549184162340225,12.230000000000018,-1590.9902576697316,1.0,66.45193985799408,9.5,7.480000000000018,0.5,0.6999999999999997,10.588740818032564,644.1151720130667,0,0.4988673468246808,0.8005387868584619,1.0280273994897569,6.9811326531753375,6.679461213141556,6.451972600510262
Well_no_48,6275.0,6725.0,3054.0199999999986,0.14036723116766786,175.8494467025215,7218775.121169929,2.217020680777032,3228.8830128112895,24.346799257999997,1683.3386756777677,6.021003408689269,9.5,2.45,5.055398483096612,353.55339059327366,0.006919471417854499,1.358372867005706e-05,0.1639550308550494,5.868034508142217,3049.0941835622502,0.48379082188751,13.38000000000011,883.8834764831843,0.0,175.84944670252156,9.5,8.63000000000011,0.6500000000000001,0.8000000000000002,29.967350474596014,496.4293093415201,0,1.4293817534378674,2.1634646677198743,2.6471562279779977,7.200618246562241,6.466535332280235,5.982843772022111
Well_no_49,2175.0,5575.0,3054.7699999999986,0.10434995378013183,63.09451966530619,7495053.585705988,1.8854539384628246,4048.659731775165,30.52353382224797,1636.0436763781574,5.284995767020947,9.5,1.6,4.0750455762302495,390.5124837953327,0.006111712365011109,1.0762928238794493e-05,0.1538092932083382,5.9674599375148025,3051.196223727201,0.4161888136399966,12.63000000000011,-2828.4271247461893,1.0,63.09451966530619,9.5,7.880000000000109,0.10000000000000002,0.6999999999999997,10.573094805154645,724.125026728049,0,0.6535648341117739,1.0337714644317186,1.310422476329532,7.2264351658883355,6.8462285355683905,6.569577523670577
Well_no_50,4375.0,3625.0,3052.260000000001,0.11840695143470444,137.10834401223957,7379287.222219084,2.29621389116486,3255.138802242959,24.169276588154567,1662.4116336179054,6.618178850604141,9.5,2.0,4.716193649404191,180.2775637731994,0.008754463501997213,3.423728938430595e-05,0.17243739528429727,5.194497684158916,3046.867186605669,0.507140669716523,15.139999999999873,-2651.650429449553,1.0,137.10834401223957,9.5,10.389999999999873,0.34999999999999987,0.6500000000000001,26.39491869066835,1185.4356740365326,0,1.807690392082186,2.721858612601954,3.3055726268272876,8.582309607917686,7.6681413873979185,7.084427373172585
Well_no_51,1775.0,975.0,3061.550000000001,0.12287562429053045,115.30494502594013,7345387.776787554,1.8084481076968413,4185.388389010817,30.633616877957206,1653.6257048567204,5.411775923830283,9.5,1.9,4.6477436665922545,430.1162633521315,0.0049201046715766205,7.724944437571435e-06,0.1361048920490549,6.064055552030229,3057.845836628062,0.4227081685968642,5.849999999999909,-6363.961030678926,1.0,115.30494502594006,9.5,1.099999999999909,0.20000000000000004,0.8499999999999999,19.014493524442784,2000.0,0,0.6028943369123242,0.9631232734305218,1.2305279897715267,0.49710566308758486,0.1368767265693872,-0.13052798977161761
Well_no_52,5125.0,9225.0,3059.4599999999996,0.13984032393722465,110.97511121181246,7199178.90814203,2.121554027803676,3433.6664763438966,26.457830091800748,1712.0357776019894,5.582535852407471,9.5,2.65,4.667945676637421,353.55339059327366,0.007381343196826226,1.602212486553486e-05,0.16769230633276333,5.868034508142217,3052.582021311494,0.5813989344252605,7.940000000000055,1838.4776310850236,0.0,110.97511121181245,9.5,3.1900000000000546,0.8000000000000002,0.8499999999999999,18.911802760844107,2000.0,0,0.41633843306188106,0.6750660215263528,0.8753759280491051,2.7736615669381735,2.5149339784737017,2.3146240719509494
Well_no_53,7875.0,6125.0,3056.379999999999,0.1250155487841899,169.62479275575896,7347042.572090881,2.135894147763092,3549.900563679386,26.82351835719148,1679.4284317472545,6.269807849876036,9.5,2.2,4.732881811135112,984.8857801796108,0.0035647929204782893,3.2140917281232513e-06,0.11923566101198532,6.892525675239783,3052.276340614008,0.4426829692995625,11.019999999999982,1590.9902576697316,0.0,169.62479275575893,9.5,6.269999999999982,0.45,0.8000000000000002,24.60996168140612,2000.0,0,1.4642062210136835,2.2202352928541673,2.723347514388684,4.805793778986298,4.0497647071458145,3.5466524856112978
Well_no_54,3725.0,4375.0,3051.4700000000007,0.15172099999999997,192.99649901681875,7068685.35722896,2.0019607595761455,3563.3252750346956,26.341066603797895,1686.6565197558066,5.501168666294747,9.5,2.7,5.114326847408846,320.1562118716426,0.006661133105145709,1.396983480772895e-05,0.15877278472976686,5.768809038780301,3047.292899946428,0.4463550026785924,15.930000000000291,-2580.939751330899,1.0,192.99649901681872,9.5,11.180000000000291,0.8000000000000002,0.9,33.455172067478244,510.79890524968505,0,1.5124796753075074,2.2993733524099857,2.8159503154863392,9.667520324692784,8.880626647590304,8.364049684513951
Well_no_55,7175.0,7625.0,3058.309999999999,0.13372499999999998,137.72617338392087,7277807.250178749,2.065932705551539,3685.391155758864,26.750338905096566,1690.99051545,5.952410144200003,9.5,2.4,4.464897217228477,474.3416490252568,0.006647905890783885,1.1426090430950418e-05,0.16236574357703487,6.161927840593279,3053.5133629663555,0.4773318516821746,9.090000000000146,2156.6756826189694,0.0,137.7261733839209,9.5,4.3400000000001455,0.55,0.8499999999999999,22.35114998858222,500.4175672817826,0,1.158602484712763,1.774811307375178,2.195455811929255,3.1813975152873826,2.5651886926249676,2.1445441880708906
Well_no_56,4925.0,8525.0,3057.919999999999,0.11517841171319838,97.2125259387794,7430944.938088951,2.261918619400061,3367.8833084771018,24.98770340379253,1672.964908057954,6.339690693804323,9.5,1.95,4.5369378649954495,430.1162633521315,0.006313899138594248,1.0724708743576671e-05,0.15757030069116165,6.064055552030229,3050.9175207419453,0.5876239629027851,9.480000000000018,1202.0815280171305,0.0,97.21252593877942,9.5,4.730000000000018,0.34999999999999987,0.5999999999999999,16.030942511110883,522.6142443317473,0,0.5451783793790055,0.8665663905911752,1.105460758220528,4.184821620621013,3.863433609408843,3.62453924177949
Well_no_57,5775.0,5125.0,3050.879999999999,0.13664858929520765,114.60614468191241,7296925.292619173,2.1733411563400162,3491.3120867557327,25.561237304500004,1692.6212571276424,5.9444969292041865,9.5,2.55,4.691766908914017,380.78865529319523,0.005750329722282412,1.016324998708422e-05,0.14800901159069774,5.942244510701356,3045.865298835941,0.4882350582028948,16.519999999999982,-601.0407640085652,1.0,114.60614468191243,9.5,11.769999999999982,0.6999999999999997,0.8499999999999999,19.286676015353926,1822.343579656005,0,1.7837530426094321,2.681933240777281,3.255992498560807,9.98624695739055,9.0880667592227,8.514007501439174
Well_no_58,6025.0,6975.0,3054.2200000000007,0.1547251698796891,224.0556039086207,7071936.4531118,1.946625033066605,3702.940483882343,26.218177703370213,1638.423988751679,5.190385682657324,9.5,2.7,5.291555566015477,353.55339059327366,0.007529162242446456,1.6299480396787906e-05,0.1701562684787224,5.868034508142217,3049.1346153602717,0.49176923198640454,13.180000000000291,883.8834764831843,0.0,224.0556039086206,9.5,8.430000000000291,0.8000000000000002,0.9,38.18239371253378,372.32752944351734,0,1.2807706647555956,1.9472572483321646,2.3912870066425365,7.149229335244695,6.482742751668127,6.038712993357755
Well_no_59,2925.0,3325.0,3054.629999999999,0.12835284943225894,111.0058741835644,7278630.134502009,1.9535384076567825,3858.155329460763,27.475938889715003,1688.1613506573162,5.304348531642723,9.5,2.15,4.4943834894402785,559.0169943749477,0.005624652836493803,8.3890943572569e-06,0.14882965491591105,6.3261798740792985,3050.1322596820614,0.46238701589691117,12.769999999999982,-3889.087296526011,1.0,111.0058741835644,9.5,8.019999999999982,0.55,0.8000000000000002,17.547062586442827,584.2315565886795,0,1.2308694939096718,1.8893350029554516,2.332423653029076,6.78913050609031,6.13066499704453,5.687576346970905
Well_no_60,3125.0,6325.0,3052.800000000001,0.11474829092055279,123.48009925594275,7439659.182863375,1.9901891333315327,3811.9750565203744,28.416215968260275,1674.5683564355954,5.636273611414484,9.5,1.75,4.534731187795128,427.2001872658765,0.006217288865748254,1.0521278891760837e-05,0.1561355866803656,6.057252726002344,3049.2761836203786,0.41369081898108107,14.599999999999909,-1626.3455967290586,1.0,123.48009925594275,9.5,9.849999999999909,0.45,0.5999999999999999,20.38549567626131,507.61314935598523,0,0.7237061672336599,1.133590854213257,1.4264914256957513,9.12629383276625,8.716409145786653,8.423508574304158
Well_no_61,3925.0,4625.0,3050.940000000001,0.158589755960331,182.41027653937792,7083301.066900002,2.068416661563913,3547.2604185119153,25.725659380310844,1649.2027933566121,5.937423525557796,9.5,2.8,4.9857320846885855,320.1562118716426,0.006823215944807214,1.447449084540663e-05,0.16075431503101548,5.768809038780301,3046.8355193022167,0.44272403488910184,16.460000000000036,-2262.7416997969513,1.0,182.41027653937783,9.5,11.710000000000036,0.9,0.9,31.62009269385435,454.60279476346074,0,1.4665333188431788,2.2273768482238,2.7267518407385056,10.243466681156857,9.482623151776236,8.983248159261532
Well_no_62,1375.0,2775.0,3059.75,0.14658983647682428,122.05856423119978,7184872.494626842,1.8576636967911242,3891.3771699138283,28.2115580025473,1671.6144940223305,5.0289520659784985,9.5,2.55,4.702479863585144,632.4555320336761,0.005037376314442661,6.498489382937457e-06,0.14153635969881734,6.449609913045063,3054.3455703864915,0.5077214806753545,7.650000000000091,-5374.011537017762,1.0,122.05856423119981,9.5,2.900000000000091,0.6500000000000001,0.9499999999999996,18.92495296255401,2000.0,0,0.7674865722743349,1.2165286358134013,1.541115475458302,2.132513427725756,1.6834713641866896,1.3588845245417889
Well_no_63,5525.0,8125.0,3057.0299999999993,0.13286148099777972,85.80719838337889,7292847.468091208,2.253900526443147,3361.3307814434593,24.653856414153555,1664.3123799944374,6.196843829566623,9.5,2.25,4.358531744352642,721.1102550927976,0.005176844503370668,6.729577405104193e-06,0.1438208991771527,6.580792045278803,3050.9740097256213,0.5402995137189919,10.36999999999989,1343.5028842544405,0.0,85.80719838337887,9.5,5.619999999999891,0.45,0.8000000000000002,13.039038126867833,674.8868323096484,0,0.7424450826164833,1.1583290973826008,1.4546540729224962,4.877554917383407,4.46167090261729,4.165345927077395
Well_no_64,2775.0,8825.0,3059.330000000001,0.13014470316575305,65.2192530359973,7363314.192350002,1.974144653692525,3721.2212644237925,28.624922345143762,1676.6774729999997,5.190719127111586,9.5,2.15,4.104851864922763,400.0,0.0059126975015371015,1.0340660815789959e-05,0.1505192823039637,5.991464547107982,3050.807847536584,0.6636076231707875,8.070000000000164,-106.0660171779821,1.0,65.21925303599731,9.5,3.3200000000001637,0.45,0.8499999999999999,10.885360753319985,697.9797174759731,0,0.2698407580477362,0.4564905891567006,0.6114248894586976,3.0501592419524277,2.863509410843463,2.7085751105414664
Well_no_65,2225.0,6525.0,3055.4700000000007,0.11679287136589209,86.56442424993541,7426201.434143734,1.875635048780569,4126.65521588589,29.826425372500005,1683.8659686094961,5.437722565101436,9.5,1.9,4.27406407861221,531.5072906367325,0.005414131279854906,7.77248548497058e-06,0.14610610180886063,6.275716914784314,3051.4580132422616,0.43809933788695615,11.930000000000291,-2121.3203435596433,1.0,86.56442424993541,9.5,7.180000000000291,0.29999999999999993,0.8000000000000002,13.793551465969921,1219.7178445722834,0,0.5031809792968658,0.8080024876888132,1.0378038418659399,6.676819020703425,6.371997512311478,6.142196158134351
Well_no_66,2975.0,5375.0,3052.300000000001,0.12313239914078059,105.41593032159179,7358976.129488108,1.8928925384381858,3972.8110357126016,28.665947584365817,1659.222383464139,5.519152491070583,9.5,1.95,4.4953726848529065,514.78150704935,0.006202021901745914,1.0059392227185587e-05,0.15658953854987165,6.243742552484179,3049.1183525699375,0.39658237150317743,15.099999999999909,-2404.163056034261,1.0,105.41593032159179,9.5,10.349999999999909,0.45,0.75,16.88345242224157,436.45810671626776,0,0.907798078493476,1.4081122452543182,1.7559612138967757,9.442201921506433,8.94188775474559,8.594038786103134
Well_no_67,4375.0,7925.0,3055.879999999999,0.12070404690370815,88.58029955149496,7327870.812447287,2.229157520871931,3549.823338349534,25.641207708799744,1652.203006490757,6.380111701917809,9.5,2.1,4.206609772745567,335.4101966249684,0.006495885184353374,1.3013175126904976e-05,0.15726104847920122,5.815354250313306,3049.514649817965,0.5557675091018155,11.519999999999982,388.9087296526012,1.0,88.58029955149499,9.5,6.769999999999982,0.4000000000000001,0.6999999999999997,15.232141626921981,528.762112233758,0,0.6058646503557635,0.9565382902617058,1.2130503732172453,6.164135349644218,5.813461709738276,5.556949626782736
Well_no_68,5225.0,4425.0,3050.86,0.11576994901121992,105.24870984602293,7369151.976042782,2.28148433505,3438.5531168952593,25.236173974402703,1707.1355484498229,6.369784581388414,9.5,2.05,4.225785645866977,353.55339059327366,0.006228477846892692,1.1976985783994553e-05,0.15377057561850785,5.868034508142217,3045.503636403999,0.5053181798000651,16.539999999999964,-1484.9242404917497,1.0,105.24870984602289,9.5,11.789999999999964,0.34999999999999987,0.6999999999999997,17.935939146231085,2000.0,0,1.7758705160618713,2.669724570622527,3.240736127704956,10.014129483938092,9.120275429377436,8.549263872295008
Well_no_69,3375.0,775.0,3059.64,0.12391904780281544,86.0860084288257,7400188.5833400395,1.9103321215932536,4002.2915137528157,29.39385313898935,1676.5397642847201,5.3157913912392045,9.5,1.95,4.265776621321065,694.6221994724906,0.004035968395389685,4.4383913859488126e-06,0.12564662218956582,6.543368099880593,3056.4640115419616,0.3962994229018705,7.760000000000218,-5374.011537017762,1.0,86.08600842882566,9.5,3.0100000000002183,0.34999999999999987,0.8000000000000002,13.156222776217756,2000.0,0,0.7081397503251329,1.1160753902769396,1.4107928072501967,2.3018602496750855,1.8939246097232787,1.5992071927500215
Well_no_70,3575.0,9775.0,3060.300000000001,0.13284158179524597,123.29878388852542,7298872.98999807,2.291797700572541,3264.456956734152,24.82127472425182,1681.8220669248099,6.736706435331223,9.5,2.35,4.553024600209224,403.11288741492734,0.004948674115183849,8.185666149567162e-06,0.1358447737586605,5.9992166403759635,3050.7300034568198,0.7159998271589529,7.099999999999909,1131.3708498984756,0.0,123.29878388852542,9.5,2.349999999999909,0.6500000000000001,0.6999999999999997,20.552480645339465,319.26156658267973,0,0.23002128550861486,0.3956441188875554,0.5366300402714859,2.1199787144912943,1.9543558811123536,1.8133699597284232
Well_no_71,6975.0,6525.0,3055.0400000000004,0.1416192888832392,165.33584637729896,7219434.11834239,2.074350172279325,3633.698255960593,26.66674812492023,1656.2191284444311,5.689011359796785,9.5,2.45,4.98655490546693,728.0109889280519,0.005101963464739721,6.542564210251508e-06,0.14275868815388443,6.590316142764152,3050.4241481031618,0.46829259484197794,12.360000000000127,1237.4368670764586,0.0,165.33584637729894,9.5,7.610000000000127,0.5999999999999999,0.8499999999999999,25.087695763856452,678.1158653438091,0,1.5515570529413132,2.3410832741767846,2.859256239801899,6.058442947058814,5.268916725823343,4.750743760198228
Well_no_72,3825.0,2625.0,3055.11,0.1126240518761166,58.17283138468808,7455476.264464825,1.9550763823651245,3901.345177320203,29.101970907942796,1684.591084903738,5.719905175691478,9.5,1.6,3.95679934844037,570.0877125495688,0.005356016971065716,7.691291074858269e-06,0.14501569326624816,6.345790230655937,3049.6751919943613,0.5092404002820103,12.289999999999964,-3747.6659402887017,1.0,58.172831384688074,9.5,7.539999999999964,0.14999999999999997,0.6999999999999997,9.167153226033289,786.1917979882136,0,1.3294312680145928,2.026474173928306,2.489225192695618,6.21056873198537,5.513525826071658,5.050774807304346
Well_no_73,7975.0,7525.0,3059.89,0.1297525,101.06721356034677,7332723.832567228,1.9862433569611189,3734.7027367371034,27.869548134001633,1637.9478525315044,5.119217463674482,9.5,2.15,4.077327600039633,602.0797289396147,0.005520738929991429,7.731944613437813e-06,0.14834290815748605,6.400389876638431,3055.047076020013,0.47964619899930766,7.510000000000218,2651.650429449553,0.0,101.06721356034677,9.5,2.7600000000002183,0.45,0.8499999999999999,15.790790171899426,1624.4316304095685,0,1.0591731682165915,1.6324925323830077,2.0295787216654833,1.7008268317836268,1.1275074676172105,0.730421278334735
